apricot jam, g
apricot puree, g
apricot jam, g
apricot juice, ml
apricots, g
canned apricots, g
avocado, g
agave syrup, ml
agar-agar, g
agram, g
adzhika, g
green adzhika, g
quince, g
quince puree, g
ayran, g
icing, g
shark steak, g
alcohol, ml
strong alcohol, ml
cherry plum, g
albukhara, g
almonds, g
amaranth flour, g
pineapple syrup, ml
pineapple juice, ml
pineapples, g
dried pineapples, g
canned pineapples, g
anise, g
star anise, g
anise liqueur, ml
anise seeds, g
anchovies, g
orange water, ml
orange zest, g
orange essence, tsp
orange jam, g
candied orange peel, g
orange marmalade, g
orange marmalade with ginger, g
orange liqueur, ml
orange syrup, ml
orange juice, ml
freshly squeezed orange juice, ml
orange vinegar, ml
orange extract, tsp
oranges, g
red oranges, pcs
large oranges, pieces
peanuts, g
roasted peanuts, g
peanut butter, g
peanut oil, g
salted peanuts, g
watermelon pulp, g
watermelons, g
argan oil, g
arista, g
flavoring, g
“pineapple” flavoring, drop
“cherry” flavoring, drop
“raspberry” flavoring, drop
“rum” flavoring, drop
artichokes, g
artichokes in oil, g
pickled artichokes, g
aspirin, g
assorted meat, g
assorted vegetables, g
assorted fruit, g
assorted berries, g
ashi, g
baguette, g
yesterday's baguette, g
mini baguette, g
badan, g
star anise, g
lemon basil, g
fresh basil, g
dried basil, g
Thai basil, g
purple basil, g
eggplant, g
mini eggplant, g
Thai eggplant, g
balyk, g
balm, g
balsamic cream, g
balsamic sauce, ml
balsamic vinegar, ml
Riga black balsam, ml
okra, g
banana puree, g
banana chips, g
green banana syrup, ml
banana liqueur, ml
bananas, g
mini bananas, g
barabulka, g
lamb liver, g
lamb ham on the bone, g
lamb mince, g
lamb, g
bagels, g
lamb entrecôte, g
lamb shanks, g
lamb offal, g
lamb ribs, g
lamb shoulder, g
lamb leg, g
lamb liver, g
barberry, g
dried barberry, tbsp
ground barberry, g
basturma, g
sweet potato, g
loaf of bread, g
chocolate bars, g
meringue, g
bacon, g
cooked and smoked bacon, g
raw smoked bacon, g
white fish, g
birnel, ml
ready-made biscuit mix, g
biscuit, g
biscuit crumbs, g
biscuit cake, g
biscuit roll, g
chocolate biscuit, g
beefsteak, g
pancake flour, g
ready-made pancakes, g
oat pancakes, g
bean sprouts, g
beans, g
sprouted mung beans, g
tonka beans, g
bottarga, g
brezaola, g
brandy, g
frozen broccoli, g
fresh broccoli, g
frozen lingonberries, g
fresh lingonberries, g
dried lingonberries, g
lingonberry jam, g
lingonberry sauce, g
feta cheese, g
Serbian feta cheese, g
rutabaga, g
boiled pork, g
elderberry syrup, ml
bouquet garni, g
bulgur, g
bread roll, g
white bread roll, g
sweet bread roll, g
bread rolls, g
stale white bread rolls, g
brioche rolls, g
day-old bread rolls, g
hamburger buns, g
grain rolls, g
rye rolls, piece
sesame rolls, g
broth, ml
bouillon cubes, g
bourbon, ml
burrata, g
beets, g
confectionery beads, tsp
silver confectionery beads, g
oxtail, g
vanillin, g
vanilla pods, g
vanilla liqueur, ml
vanilla essence, g
vanilla powder, g
vanilla syrup, ml
vanilla extract, g
jam, g
wasabi, g
wafer crumbs, g
wafer cakes, g
wafer tubes, g
waffles, g
chocolate wafers, g
vermicelli, g
egg vermicelli, g
vermouth, ml
white vermouth, ml
dry vermouth, ml
ham, g
boiled ham, g
boiled-smoked ham, g
smoked ham, g
Parma ham, g
raw smoked ham, g
oyster mushrooms, g
vinaigrette, g
wine stone, g
wine vinegar, ml
white wine vinegar, ml
red wine vinegar, ml
wine vinegar with garlic, ml
wine vinegar with tarragon, ml
white wine, ml
semi-sweet white wine, ml
semi-dry white wine, ml
sweet white wine, ml
table white wine, ml
dry white wine, ml
grapes, g
seedless grapes, g
white grapes, g
Isabella grapes, g
grape jelly, g
grape leaves, g
pickled grape leaves, g
young grape leaves, g
grape juice, ml
clarified grape juice, ml
blue grapes, g
black grapes, g
dessert wine, ml
dry sparkling wine, ml
red wine, ml
semi-sweet red wine, ml
semi-dry red wine, ml
sweet red wine, ml
dry red wine, ml
fortified wine, ml
semi-sweet rosé wine, ml
rosé semi-dry wine, ml
whiskey, ml
vitamin C powder, g
cherry liqueur, ml
cherry jam, g
cherry leaves, g
cherry jam, g
cherry liqueur, ml
cherry syrup, ml
cherry juice, ml
cherries, g
dried cherries, g
frozen cherries, g
candied cherries, g
cocktail cherries, g
maraschino cherries, g
“cherries, mashed with sugar”, g
water, ml
still mineral water, ml
sparkling mineral water, ml
vodka, ml
anise vodka, ml
seaweed, g
Worcestershire sauce, ml
galangal root, g
biscuits, g
hamburger, g
ganache, g
garam masala, g
garnish, g
gazpacho, g
cloves, g
ground cloves, g
geranium leaves, g
oatmeal, g
icing, g
white icing, g
ready-made icing, g
black icing, g
white chocolate glaze, g
monosodium glutamate, g
glucose, g
glucose syrup, ml
beef, g
beef on the bone, g
ground beef, g
beef tongue, g
beef heart, g
beef steaks, g
beef shanks, g
beef lungs, g
beef ribs, g
beef ribeye steaks, g
beef tenderloin, g
beef brisket, g
beef shoulder, g
beef marrowbone, g
beef pulp, g
beef liver, g
beef tripe, g
beef neck, g
goji berries, g
char fillet, g
blueberries, g
frozen blueberries, g
pigeon, g
pink salmon, g
Pink salmon in its own juice, can
Pink salmon fillet, g
Gorgonzola, g
Gorgonzola picante, g
Peas, g
Split peas, g
Pea sprouts, g
Pea soup, ml
Green peas, g
Frozen green peas, g
canned green peas, g
fresh green peas, g
mustard, g
Dijon mustard, g
Dijon mustard with honey, g
yellow mustard seeds, g
hot mustard, g
Russian mustard, g
mustard seeds, g
mustard with grains, g
dry mustard, g
French mustard, g
citrus mustard, g
mustard oil, ml
mustard powder, g
granada padano, g
pomegranate seeds, g
pomegranate paste, g
pomegranate syrup, ml
pomegranate juice, ml
freshly squeezed pomegranate juice, ml
pomegranate sauce, ml
pomegranates, g
granita, g
granola with nuts, g
grappa, g
gratin, g
grapefruit zest, g
grapefruit juice, g
grapefruits, g
pink grapefruit, g
grenadine, g
croutons, g
walnuts, g
chopped walnuts, g
buckwheat groats, g
green buckwheat groats, g
buckwheat soba noodles, g
buckwheat flour, g
buckwheat milk, ml
buckwheat flakes, g
mushrooms, g
white mushrooms, g
frozen white mushrooms, g
pickled white mushrooms, g
dried white mushrooms, g
frozen mushrooms, g
frozen mushrooms (honey mushrooms and butter mushrooms), g
wild mushrooms, g
pickled mushrooms, g
fresh mushrooms, g
salted mushrooms, g
canned straw mushrooms, g
dried mushrooms, g
shiitake mushrooms, g
dried shiitake mushrooms, g
grill, g
grissini, g
brisket, g
boiled and smoked brisket, g
smoked brisket, g
pear puree, g
pear liqueur, ml
pear syrup, ml
pear juice, ml
pear vinegar, ml
pears, g
dried pears, g
Gruyère cheese, g
guava, g
guanciale, g
Guryev porridge, g
smoked goose breast, g
goose liver, g
goose fat, tbsp
goose, g
goose carcass, g
daikon, g
baby food, g
jam, g
gin, ml
jusai, g
titanium dioxide, g
dolma, g
dorada, g
gutted sea bream with head, g
sea bream with head, g
sea bream carcass, g
dragees, g
homemade yeast, g
fresh yeast, g
dry yeast, g
oak bark, g
oregano, g
melon, g
blackberries, g
frozen blackberries, g
ruff, g
ruff-nose, g
gelatin, g
gelatin sheets, g
jelly, g
jelly for cake, g
gelling agent, g
gelling sugar, g
ginseng, g
liquid smoke, ml
honeysuckle, g
fat, g
rendered fat, g
cooking fat, g
vegetable fat, g
za'atar, g
dry breakfast cereal, g
dry breakfast cereal pads, g
cream thickener, g
rabbit meat, g
leaven, g
permanent leaven, g
sugar substitute, g
stevia sugar substitute, g
ready-made salad dressing, g
St. John's wort, g
greens, g
chopped greens, g
strawberries, g
frozen strawberries, g
marshmallows, g
cumin, g
cereal flakes, g
catfish, g
catfish fillet, g
soy protein isolate, g
raisins, g
seedless raisins, g
white raisins, g
black raisins, g
caviar, g
dried fish caviar, g
grainy pink salmon caviar, g
red caviar, g
small red fish caviar, g
flying fish caviar, g
salmon caviar, g
capelin caviar, g
halibut caviar, g
pike caviar, g
black caviar, g
ginger jam, g
ginger cookies, g
ginger candied fruit, g
ginger, g
candied ginger, g
ginger root, g
pickled ginger, g
ground ginger, g
turkey, g
turkey drumstick, g
turkey breast, g
smoked turkey, g
turkey carcass, g
ground turkey, g
turkey fillet, g
turkey duck, g
turkey liver, g
figs, g
fresh figs, g
dried figs, g
irga, g
toffee, g
Italian herbs, g
yogurt, g
Greek yogurt, g
full-fat yogurt, g
goat yogurt, g
natural yogurt, g
low-fat yogurt, g
fat-free yogurt, g
fruit yogurt, g
zucchini, g
frozen zucchini, g
young zucchini, g
Cajun spice mix, g
cocoa, g
cocoa beans, g
cocoa butter, g
cocoa powder, g
fat-free cocoa powder, g
condensed cocoa, g
viburnum, g
mashed viburnum, g
kalinji seeds, tsp
calvados, g
squid, g
boiled squid, g
frozen squid, g
canned squid, g
squid fillets, g
camembert, g
flounder, g
fillet of flounder, g
campari, ml
golden candarin, tsp
cannelloni, g
capellini, g
capers, g
capers in wine vinegar, g
marinated capers, g
white cabbage, g
Brussels sprouts, g
frozen Brussels sprouts, g
kale, g
sauerkraut, g
kohlrabi, g
red cabbage, g
sea cabbage, g
frozen sea cabbage, g
dried sea cabbage, g
Chinese cabbage, g
savoy cabbage, g
cauliflower, g
frozen cauliflower, g
cabbage brine, g
cappuccino, g
cuttlefish, g
cleaned cuttlefish, g
carambola, g
caramel, g
caramel sauce, g
filled caramel, g
salted caramel, g
crucian carp, g
carbonade, g
cardamom, g
cardamom seeds, g
ground cardamom, g
cardamom pods, g
hibiscus, g
carp, g
mirror carp, g
carp fillet, g
curry, g
curry leaves, g
curry paste, g
potatoes, g
boiled potatoes, g
boiled potatoes in their skins, g
new potatoes, g
mashed potatoes, g
potato gnocchi, g
potato flakes, g
potato chips, g
potato starch, g
potato broth, g
frozen hash browns, g
baked potatoes, g
katyk, g
kaffir lime leaves, g
porridge, g
baby food porridge, g
chestnut flour, g
chestnut cream, g
chestnuts, g
boiled chestnuts, g
canned chestnuts, g
peeled chestnuts, g
kvass, g
kvass wort, g
dry kvass concentrate, g
bread kvass, g
cedar flour, g
cedar nuts, g
roasted cedar nuts, g
chum salmon, g
hot ketchup, g
tomato ketchup, g
Tuscan ketchup, g
barbecue ketchup, g
mullet, g
kefir, ml
kefir 1%, ml
kefir 2.5%, ml
kefir 3.2%, ml
low-fat kefir, ml
cashews, g
kivano, g
kiwi, g
kiwi jelly, g
chum salmon, g
hot-smoked chum salmon fillet, g
cornelian cherry, g
sprat, g
kimchi, g
fresh cilantro, g
dried cilantro, g
quinoa, g
ground quinoa, g
boiling water, ml
kirsch, g
kissel, g
dry kissel, g
sour milk drink Tan, ml
intestines, g
gluten, g
clementines, g
maple syrup, ml
strawberries, g
strawberries in syrup, g
frozen strawberries, g
strawberries, mashed with sugar, g
dried strawberries, g
strawberry jam, g
strawberry jelly, g
strawberry puree, g
strawberry jam, g
thick strawberry jam, g
strawberry compote, ml
strawberry liqueur, ml
strawberry syrup, ml
cranberries, g
dried cranberries, g
frozen cranberries, g
cranberries mashed with sugar, g
cranberry jam, g
cranberry jelly, g
cranberry juice, ml
cranberry syrup, ml
cranberry sauce, g
goat liver, g
young goat meat, g
coca-cola, ml
coconut water, ml
coconut flour, g
coconut flakes, g
colored coconut flakes, g
coconut oil, ml
coconut milk, ml
coconut cream, ml
coconut liqueur, ml
coconut extract, ml
coconuts, g
cola, ml
sausage, g
cooked sausage, g
cooked and smoked sausage, g
smoked sausage, g
blood sausage, g
semi-smoked sausage, g
raw smoked sausage, g
fresh pork sausage (salsiccia), g
sausages, g
sausages for frying, g
homemade sausages, g
hunting sausages, g
raw smoked sausages, g
compote, g
hemp oil, ml
hemp seeds, g
candy, g
M&M's candy, g
chewy licorice candy, g
Korovka candy, g
Truffle candy, g
jam, g
jam, g
cognac, ml
smoked meats, g
roots, g
coriander, g
coriander greens, g
ground coriander, g
coriander seeds, g
cinnamon, g
ground cinnamon, g
gherkins, g
pickled gherkins, g
smelt, g
hot-smoked smelt, g
bones, g
brain bones, g
sugar bone, g
coffee beans, g
green coffee, g
chocolate-covered coffee beans, g
coffee liqueur, ml
Kahlua coffee liqueur, ml
coffee drink, ml
coffee syrup, ml
coffee extract, ml
ground coffee, g
instant coffee, g
freshly brewed coffee, ml
black coffee, ml
espresso coffee, ml
crab meat, g
crab sticks, g
snow crab, g
crabs, g
nettle, g
food coloring gel, g
food coloring, g
cherry food coloring, g
yellow food coloring, g
green food coloring, g
red food coloring, g
orange food coloring, g
purple food coloring, g
black food coloring, g
red currants, g
“red currants, mashed with sugar,” g
redfin, g
red currant jam, g
red wine sauce, g
starch, g
shrimp, g
frozen shrimp, g
king prawns, g
peeled shrimp, g
peeled shrimp in brine, g
salad shrimp, g
dried shrimp, g
tiger prawns, g
crackers, g
salted crackers, g
custard cream, g
powdered custard cream, g
fresh cream, g
watercress, g
blood, ml
rabbit, g
rabbit carcass, g
rabbit fillet, g
rabbit liver, g
croissants, g
small croutons, g
gooseberries, g
gooseberry jam, g
corn, g
frozen corn, g
canned corn, g
roasted corn, g
corn grits, g
corn flour, g
corn oil, g
corn tortillas, g
corn sticks, g
corn flakes, g
glazed corn flakes, g
corn chips, g
corn (golden) syrup, ml
corn starch, g
cumin, g
kumquats, g
sesame seeds, g
sesame flour, g
sesame paste, g
sesame oil, g
sesame seeds, g
black sesame seeds, g
kupa, g
dried apricots, g
fat tail fat, g
fat tail fat, g
chicken ham, g
chicken skin, g
chicken liver, g
chicken carpaccio, g
chicken fillet, g
chicken thighs, g
chicken drumsticks, g
smoked chicken drumsticks, g
chicken breasts, g
boiled chicken breasts, g
smoked chicken breasts, g
chicken gizzards, g
chicken bones, g
chicken wings, g
chicken thighs, g
smoked chicken thighs, g
chicken giblets, g
chicken hearts, g
chicken broth, ml
chicken pâté, g
chicken soup set, g
chicken mince, g
chicken, g
boiled chicken, g
chicken for frying, g
smoked chicken, g
chicken carcass, g
turmeric, g
partridges, g
couscous, g
pearl couscous, cup
carob, g
lavender, g
dried lavender, pinch
lavender dye, tsp
lavash, g
Armenian lavash, g
Persian round lavash, g
Thin lavash, g
Fresh bay leaves, pieces
Bay leaf, g
Lime, g
Lime leaves, pieces
Lime zest, g
Lime juice, ml
Langoustines, pieces
Noodles, g
noodles for lagman, g
shirataki noodles, g
egg noodles in nests, g
lettuce, g
lungs, g
ice, g
ladyfish carcass, g
lemongrass (lemon sorghum), g
flax seeds, g
flatbread, g
Arabic flatbread, g
forest nuts, g
lecho, g
liver, g
liqueur, ml
Alchermes liqueur, ml
Amaretto liqueur, ml
Baileys liqueur, ml
Cointreau liqueur, ml
cream liqueur, ml
cream liqueur, ml
lemonade, ml
citric acid, ml
lemon zest, g
lemon balm stem, g
lemon balm berries, g
candied lemon peel, g
lemon candied fruit, g
lemon juice, ml
lemon vinegar, ml
lemon extract, ml
limoncello, g
lemons, g
linguine, g
chanterelles, g
dried chanterelles, g
lychees, g
lychee compote, ml
lobster, g
longan, g
longkong, g
salmon milt, g
salmon mince, g
salmon, g
hot-smoked salmon, g
smoked salmon, g
freshly salted salmon, g
fresh salmon, g
fresh salmon fillet, g
lightly salted salmon, g
salmon steaks, g
salmon fillet, g
salmon fillet with skin, g
cold-smoked salmon, g
elk meat, g
white onion, g
green onion, g
red onion, g
pickled onion, g
onion peel, g
onion powder, g
leek, handful
spring onion, g
onion, g
small onion, g
salad onion, g
dried onion, g
shallots, g
red shallots, g
flaxseed flour, g
flaxseed oil, ml
flaxseed, g
ground flaxseed, g
lovage, g
Maasdam cheese, g
Madeira wine, g
mayonnaise, g
homemade mayonnaise, g
light mayonnaise, g
Sloboda mayonnaise sauce, lean, g
olive mayonnaise, g
Sloboda mayonnaise, light, g
Sloboda mayonnaise, quail egg, g
Sloboda olive mayonnaise, g
Sloboda Provencal mayonnaise, g
Sloboda mayonnaise with lemon juice, g
Sloboda sour cream mayonnaise, g
marjoram, g
fresh marjoram, g
dried marjoram, g
poppy seeds, g
pasta, g
small pasta, g
macaroni, g
farfalle pasta, g
mini farfalle pasta, g
bavette pasta, g
bow tie pasta, g
bucatini pasta, g
gigli pasta, g
ditaloni pasta, g
star-shaped pasta, g
orzo pasta, g
conchiglie pasta, g
conchiglie rigate pasta, g
large conchiglie pasta, g
risoni pasta, g
pipe rigate pasta, g
fusilli pasta, g
orecchiette pasta, g
maccheroncini pasta, g
ground poppy seeds, g
poppy seed paste, g
raspberries, g
frozen raspberries, g
raspberries, mashed with sugar, g
dried raspberries, g
raspberry jam, g
raspberry jelly, g
raspberry puree, g
raspberry jam, g
raspberry cream, g
raspberry syrup, ml
raspberry sauce, g
raspberry vinegar, ml
raspberry tea, g
mango, g
mango syrup, ml
canned mango, g
mangold, g
mangosteen, g
mandarin puree, g
mandarin candied fruit, g
mandarin juice, ml
mandarins, g
mandarins in their own juice, g
semolina, g
passion fruit, g
margarine, g
cream margarine, g
marmalade, g
sandwich marmalade, g
Marsala, g
martini, ml
red martini, ml
marzipan, g
green marzipan, g
pink marzipan, g
marshmallows, g
marshmallow cream, g
mini marshmallows, g
mascarpone, g
olives, g
pitted olives, g
avocado oil, ml
grape seed oil, ml
walnut oil, ml
frying oil, ml
pine nut oil, ml
butter, g
mastic, g
gelatin mastic, g
chocolate mastic, g
matcha, g
mafaldine, g
matzo, g
matzo, g
mas, g
honey, g
acacia honey, g
buckwheat honey, g
liquid honey, g
lavender honey, g
lemon balm, g
meringues, g
mussels, g
mussels in shells, g
large black mussels in shells, g
small green mussels in shells, g
frozen mussels, g
smoked mussels in oil, g
microgreens, g
almonds, g
roasted almonds, g
ground almonds, g
almond paste, g
almond flour, g
almond butter, g
almond essence, g
almond oil, g
almond milk, ml
almond cookies, g
almond praline, g
almond petals, g
almond liqueur, ml
almond syrup, ml
almond extract, ml
peeled almonds, g
chopped almonds, g
mini corn, g
lamprey, g
pollock, g
pollock liver, g
pollock fillet, g
miso paste, g
miso soup, ml
juniper berries, g
capelin, g
shellfish, g
milk, ml
“milk 0.5%”, ml
“milk 1.5%”, ml
“milk 2.5%”, ml
“milk 3.2%”, ml
“milk 3.6%”, ml
milk 4%, ml
milk 6%, ml
goat milk, ml
concentrated milk, ml
rice milk, ml
condensed milk, g
boiled condensed milk, g
condensed milk with cocoa, g
dry milk, g
skimmed dry milk, g
baked milk, ml
milk mixture, g
dairy products, g
seafood, g
carrot puree, g
carrots, g
cooked carrots, g
large carrots, g
young carrots, g
Korean-style carrots, g
grated carrots, g
ice cream, g
vanilla ice cream, g
strawberry ice cream, g
lemon ice cream, g
raspberry ice cream, g
plombir ice cream, g
chocolate ice cream, g
cloudberries, g
scallops, g
seafood cocktail, g
seafood cocktail in oil, g
frozen seafood cocktail, g
monkfish, g
sole, g
sole fillet, g
mortadella, g
mozzarella, g
mozzarella for baking, g
mozzarella for pizza, g
mini mozzarella, g
mozzarella with herbs, g
large mozzarella balls, g
flour, g
grade 1 flour, g
grade 2 flour, g
Aladushkin flour, g
Coarse flour, g
Tempura flour, g
Sprouted wheat flour, g
Manitoba flour, g
Self-raising flour, g
Bran flour, g
Seed flour, g
Baking flour, g
whole grain flour, g
white nutmeg, ml
nutmeg wine, ml
nutmeg, g
ground nutmeg, g
muesli, g
soft cottage cheese, g
meat broth, ml
ground meat, g
meat, g
wild boar meat, g
krill meat, g
meat on the bone, g
mint, g
dried mint, g
mint syrup, ml
mint schnapps, ml
nardek, g
nectarines, g
boneless leg of lamb, g
nori, g
nougat, g
nougat with nuts, g
chickpeas, g
Nutella, g
canned chickpeas, g
chickpea flour, g
sea buckthorn, g
frozen sea buckthorn, g
sea buckthorn syrup, ml
vegetables, g
mixed vegetables, g
frozen mixed vegetables, g
frozen mixed vegetables for wok, g
Chinese vegetable mix, g
vegetable broth, ml
oat flour, g
oat milk, ml
oat cookies, g
oat bran, g
oat grains, g
oat bran, g
oat flakes, g
quick-cooking oat flakes, g
cucumber brine, ml
cucumbers, g
canned cucumbers, g
lightly salted cucumbers, g
pickled cucumbers, g
fresh cucumbers, g
salted cucumbers, g
dandelions, g
ham, g
cooked and smoked ham, g
perch, g
red perch fillet, g
sea perch, g
sea perch fillet, g
perch fillet, g
venison, g
olives, g
pitted olives, g
green olives, g
canned green olives, jar
kalamata olives, g
canned olives, g
olives stuffed with anchovies, g
black olives, g
olive paste, g
olive oil, g
extra virgin olive oil, g
prickly pear fruit, g
honey mushrooms, g
frozen honey mushrooms, g
pickled honey mushrooms, g
oregano, g
fresh oregano, g
dried oregano, g
nuts, g
Brazil nuts, g
macadamia nuts, g
pecans, g
pine nuts, g
nut crumbs, g
nut paste, g
nut oil, ml
nut liqueur, ml
nut sauce, g
sturgeon, g
cold-smoked sturgeon, g
octopus, g
canned octopus, g
mini octopus, g
bran, g
neck, g
pagrus, g
fenugreek, g
fenugreek seeds, g
halibut, g
palm oil, ml
pangasius, g
panettone, g
panifarin, g
pancetta, g
papaya, g
canned papaya in its own juice, g
fern, g
salted fern, g
pappardelle, g
paprika, g
smoked paprika, g
red paprika, g
ground red paprika, g
hot smoked paprika, g
sweet paprika, g
sweet smoked paprika, g
sweet paprika flakes, g
Parmesan cheese, g
pasta, g
vegemite paste, g
tahini paste, g
harissa paste, g
parsnips, g
pastila, g
grape pastila, g
squash, g
molasses, g
starch molasses, g
black molasses (molasses), g
buttermilk, g
pâté, g
baking powder, g
pecorino, g
pectin, g
pelengas, g
pelmeni, g
penne, g
penne rigate, g
peperoncino, g
ground peperoncino, g
chocolate transfer sheet, g
quail, g
pepper, g
white pepper, g
white peppercorns, g
ground white pepper, g
freshly ground white pepper, g
bell pepper, g
yellow bell pepper, g
green bell pepper, g
red bell pepper, g
peppercorns, g
peppercorn mix, g
allspice, g
allspice peppercorns, g
ground allspice, g
Spanish hot pepper, g
cayenne pepper, g
red cayenne pepper, g
ground cayenne pepper, g
red pepper, g
red pepper flakes, g
hot red pepper, g
ground red pepper, g
hot red pepper, g
ground hot red pepper, g
red pepper flakes, g
lemon pepper, g
pickled pepper, g
hot pepper, g
hot green pepper, g
ground hot pepper, g
padron pepper, g
peperoni pepper, g
red peperoni pepper, g
pink peppercorns, g
freshly ground pepper mix, g
Senegalese pepper, g
sweet pepper, g
yellow sweet pepper, g
green sweet pepper, g
red sweet pepper, g
pickled red sweet pepper, g
ground red sweet pepper, g
orange sweet pepper, g
dried sweet pepper, g
Sichuan pepper, g
jalapeño pepper, g
pickled jalapeño pepper, g
black pepper, g
black peppercorns, g
ground black pepper, g
freshly ground black pepper, g
chili pepper, g
green chili pepper, g
red chili pepper, g
pickled chili pepper, g
ground chili pepper, g
dried chili pepper, g
chili pepper flakes, g
Jamaican pepper, g
pearl barley, g
pearl barley flour, g
peaches, g
canned peaches, g
dried peaches, handful
peach puree, g
peach jam, g
peach marmalade, g
peach syrup, ml
peach juice, ml
pepper paste, g
parsley, g
parsley greens, g
Italian parsley, g
parsley root, g
chopped parsley, g
dried parsley, g
liver, g
cookies, g
Oreo cookies, g
Amaretti cookies, g
biscuit cookies, g
galette cookies, g
Ladyfinger cookies, g
shortbread cookies, g
crumbly cookies, g
Savoiardi cookies, g
sugar cookies, g
sweet cookies, g
dry cookies, g
chocolate cookies, g
Yubileinoye milk cookies, g
beer, ml
ginger beer, ml
unfiltered beer, ml
light beer, ml
dark beer, ml
haddock, g
pita bread, g
jam, g
sunflower oil, ml
sunflower seeds, g
spelt, g
unripe spelt, g
polenta, g
quick-cooking polenta, g
pomelo, g
tomatoes, g
brown tomatoes, g
dried tomatoes, ml
sun-dried tomatoes in oil, g
yellow tomatoes, g
green tomatoes, g
canned tomatoes, g
canned tomatoes in their own juice, g
canned tomatoes in their own juice with basil, g
pureed tomatoes, g
salted tomatoes, g
dried tomato flakes, g
cherry tomatoes, g
yellow cherry tomatoes, g
popcorn, g
piglet, g
port wine, ml
portobello mushrooms, g
purslane, g
confectionery sprinkles, g
buds, g
4 pepper seasoning, g
5 spice seasoning, tsp
lamb seasoning, tbsp
potato seasoning, g
chicken seasoning, g
pasta seasoning, g
pork marinade seasoning, g
seafood seasoning, g
seasoning for meat, g
seasoning for paella, g
seasoning for pizza, g
seasoning for pilaf, g
seasoning for poultry, g
seasoning for fish, g
seasoning for salads, g
za'atar seasoning, g
Creole seasoning, g
seasoning with dried mushrooms, g
seasonings, g
Provencal herbs, g
provolone, g
prosecco, ml
plain yogurt, ml
whey protein, g
prosciutto, g
gingerbread, g
gingerbread spices, g
spices, g
psyllium, g
ptitim, g
pudding, g
vanilla pudding, g
instant vanilla pudding, g
caramel pudding, g
wheat, g
wheat groats, g
wheat flour, g
whole wheat flour, g
wheat germ, g
wheat bran, g
wheat sprouts, g
wheat flakes, g
millet flakes, g
millet, g
flower pollen, g
mashed potatoes, g
radicchio, g
baking powder, g
crayfish, g
crayfish necks, g
crayfish necks in brine, g
rambutan, g
rapana, g
rapeseed oil, ml
brine, ml
capers brine, ml
olive brine, ml
vegetable oil, ml
vegetable oil for frying, ml
unrefined vegetable oil, ml
refined vegetable oil, ml
vegetable milk, ml
rhubarb, g
regan, sprig
radish, g
radish, g
white radish, g
green radish, g
black radish, g
turnip, g
white turnip, g
rye sourdough starter, g
thick rye sourdough starter, g
rye flour, g
rye bran, g
rigatoni, g
ricotta, g
hard ricotta, g
rice, g
Arborio rice, g
Basmati rice, g
Brown rice, g
Brown and wild rice mix, g
Cooked rice, g
Viola rice, g
Devzira rice, g
Wild rice, g
Wild and golden rice mix, g
Long-grain rice, g
long grain golden rice, g
rice for pilaf, g
rice for pudding, g
rice for risotto, g
rice for sushi, g
jasmine rice, g
golden rice, g
indica rice, g
italica rice, g
carnaroli rice, g
red rice, g
round grain rice, g
Kuban rice, g
rice paper, g
rice noodles, g
rice flour, g
rice wine, ml
rice flakes, g
puffed rice balls, g
rice starch, g
rice vinegar, ml
parboiled rice, g
parboiled and wild rice mix, g
japonica rice, g
rye, g
rosemary, g
dried rosemary, g
rose water, ml
dried rose buds, g
rose petals, g
roses, g
roquefort cheese, g
rum, ml
dried chamomile, g
rum extract, tsp
dark rum, ml
roast beef, g
arugula, g
knuckle, g
fish, g
white fish, g
white fish fillet, g
canned fish, g
smoked fish, g
smoked fish fillet, g
red fish, g
salted red fish, g
red fish fillet, g
swordfish, g
sea fish, g
sunfish fillet, g
salted fish, g
fish fillet, g
canned fish, g
fish bones, g
fish trimmings, heads, fins, g
fish broth, g
fish sauce, g
Nam Pla fish sauce, g
Thai fish sauce, g
minced fish, g
black chokeberry, g
hazel grouse, g
fermented baked milk, ml
fermented baked milk 4%, ml
saida, g
saida fillet, g
saury, g
canned saury, g
sake, ml
salaka, g
lettuce, g
iceberg lettuce, g
Chinese lettuce, g
corn salad, g
head lettuce, g
curly lettuce, g
leaf lettuce, g
salad mix, g
romaine lettuce, g
frisée lettuce, g
lard, g
smoked lard with pepper, g
smoked lard with meat layers, g
lard with meat layers, g
lard, g
salsa, g
salsa verde, tsp
salami, g
Italian salami, g
sausages, g
smoked sausages, g
small sardines, g
sardines, g
sardines in oil, g
sugar, g
vanilla sugar, g
demerara sugar, g
pearl sugar, g
brown sugar, g
coarse brown sugar, g
muscovado sugar, g
powdered sugar, g
orange powdered sugar, g
vanilla powdered sugar, g
sugar pearls, g
sugar confectionery decorations, g
granulated sugar, g
coarse granulated sugar, g
fine granulated sugar, g
sugar syrup, g
palm sugar, g
refined sugar, g
refined sugar with cinnamon, g
cane sugar, g
Svan salt, g
beets, g
boiled beets, g
beet tops, g
beet leaves, g
pork tenderloin, g
pork head, g
pork belly, g
pork loin, g
smoked pork loin, g
pork loin on the bone, g
boiled and smoked pork shoulder, g
pork tenderloin, g
pork belly, g
pork liver, g
pork knuckle, g
boiled and smoked pork knuckle, g
smoked pork knuckle, g
pork neck, piece
pork, g
boiled pork, g
lean pork, g
pork with fat, g
pork heart, g
pork fillet, g
pork belly, g
pork mince, g
pork tongue, g
pork chops on the bone, g
pork lungs, g
pork legs, g
pork chops, g
pork chops on the bone, g
pork ribs, g
pork ears, g
pork cheeks, g
sweet potatoes, g
celery, g
celery greens, g
celery root, g
dried celery root, g
celery salt, g
celery seeds, g
celery stalks, g
herring, g
lightly salted herring, g
salted herring, g
herring fillet, g
salmon, g
smoked salmon, g
fresh salmon, g
salted salmon, g
salmon fillet with skin, g
sunflower seeds, g
mixed seeds, g
semolina, g
cooked and smoked salami, g
sea bass, g
cider, ml
syrup, ml
syrup from canned pears, ml
syrup from canned peaches, ml
tapioca syrup, ml
mackerel, g
fresh mackerel, g
mackerel fillet, g
cold-smoked mackerel, g
cream, ml
cream 10-20%, ml
cream 15%, ml
cream 20%, ml
cream 33-35%, ml
heavy cream, ml
confectionery cream, ml
plum paste, g
plum jam, g
plum wine, ml
plum jam, g
plum liqueur, ml
plum sauce, g
butter, g
plums, g
frozen plums, g
lard, g
cake mix, g
pancake mix, g
8-grain bread mix, g
sour cream, g
sour cream 10%, g
sour cream 15%, g
sour cream 18%, g
sour cream 20%, g
sour cream 25%, g
sour cream 30%, g
sour cream 35%, g
full-fat sour cream, g
low-fat sour cream, g
non-sour sour cream, g
dried currants, g
currant leaves, g
dried morels, g
snowball, ml
chickweed, g
baking soda, g
soy flour, g
soybean oil, g
soy milk, ml
soy sprouts, g
soy sauce, g
juice, ml
red orange juice, ml
multivitamin juice, ml
yuzu juice, ml
malt, g
liquid malt, ml
malt extract, g
dark malt, g
straw, g
salt, g
Himalayan salt, g
coarse salt, g
sea salt, g
catfish fillet, g
sausages, g
chicken sausage, g
smoked sausage, g
sauce, g
black bean sauce, g
sambal oelek sauce, g
barbecue sauce, g
Krasnodar sauce, g
hot red sauce, g
mirin sauce, g
narsharab sauce, g
hot sauce, g
pesto sauce, g
satsivi sauce, g
tabasco sauce, g
teriyaki sauce, g
tkemali sauce, g
noble tkemali sauce, g
early tkemali sauce, g
oyster sauce, g
chili sauce, g
sweet chili sauce, g
exotic sauce, g
soy sauce, g
spaghetti, g
spaghetti No. 3, g
spaghetti No. 5, g
lunghi spaghetti, g
asparagus, g
white asparagus, g
green asparagus, g
young asparagus, g
speck, g
spelt, g
spelt (millet) flour, g
spices, g
alcohol, ml
spirulina powder, g
spread, g
sturgeon, g
salmon steak, g
glass noodles, g
stracciatella, g
pike perch, g
pike perch fillet, g
pike perch fillet with skin, g
suluguni cheese, g
smoked suluguni cheese, g
sumac, g
soup set, g
breadcrumbs, g
white breadcrumbs, g
ground breadcrumbs, g
breadcrumbs for breading, g
rye breadcrumbs, g
breadcrumbs, g
dried fruit, g
tropical dried fruit, g
dried fruit, g
whey, g
cheese, g
tete de moine cheese, g
Austria blue cheese, g
Adyghe cheese, g
Brie cheese, g
Buko cheese, g
Gouda cheese, g
Goya cheese, g
Dutch cheese, g
Blue cheese, g
Graviera cheese, g
Jugas cheese, g
Homemade cheese, g
Dorbleu cheese, g
Imeretian cheese, g
kefalotiri cheese, g
cottage cheese, g
soft goat cheese, g
hard goat cheese, g
sausage cheese, g
smoked cheese, g
cottage cheese, g
mascarpone cheese, g
marbled cheese, g
soft cheese, g
sheep cheese, g
paneer cheese, g
peshe minion cheese, g
processed cheese, g
chocolate processed cheese, g
sliced cheese, g
semi-hard cheese, g
provolone cheese, g
Russian cheese, g
scamorza cheese, g
smoked scamorza cheese, g
cream cheese, g
blue cheese, g
soft blue cheese, g
hard cheese, g
Philadelphia cheese, g
fontina cheese, g
havarti cheese, g
Swiss cheese, g
rennet, tsp
taleggio cheese, g
tagliolini, g
tagliatelle, g
tagliatelle nests, g
tamarind, g
tamarind paste, g
tapioca, g
tartlets, g
tartar, g
tarragon, g
cottage cheese, g
cottage cheese 18%, g
cottage cheese 2%, g
Cottage cheese 5%, g
Cottage cheese 9%, g
Full-fat cottage cheese, g
Cottage cheese, g
Low-fat cottage cheese, g
Cottage cheese mass, g
Cottage cheese paste, g
Cottage cheese, g
Salted cottage cheese, g
Strawberry cottage cheese, g
Tequila, ml
veal, g
boiled veal, g
minced veal, g
veal chops on the bone, g
veal schnitzels, g
veal escalopes, g
veal tenderloin, g
veal liver, g
veal cheek, g
unleavened dough, g
ready-made dough, g
dough for wontons, g
dough for pizza, g
yeast dough, g
kataifi dough, g
pasta dough, g
pasta dough for lasagna, g
dumpling dough, g
shortcrust pastry, g
unleavened dough, g
gingerbread dough, g
puff pastry, g
unleavened puff pastry, g
yeast puff pastry, g
filo dough, g
tilapia, g
tilapia fillet, g
tilziter cheese, g
thyme, g
lemon thyme, g
fresh thyme, g
dried thyme, g
tkemali, g
cumin, g
ground cumin, g
tomato paste, g
tomato puree, g
tomato concentrate, g
tomato powder, g
tomato juice, ml
tomato sauce, g
Italian tomato sauce, g
hot tomato sauce, g
tomato sauce with basil, g
tonic water, ml
Jerusalem artichoke, g
clarified butter, g
tortillas, g
tortiglioni, g
tofu, g
aromatic herbs, g
spicy herbs with pepper, g
dried herbs, g
cod, g
cod liver, g
cod fillet, g
truffle, g
truffle crumbs, g
truffle oil, g
black truffle, g
tuna, g
canned tuna, g
tuna fillet, g
stewed meat, g
pumpkin, g
pumpkin oil, g
pumpkin puree, g
pumpkin seeds, g
fresh sprat, g
eel, g
smoked eel, g
yogurt, g
dill, g
dill seeds, g
fresh dill, g
dried dill, g
vinegar, ml
9% vinegar, ml
cider vinegar, ml
vinegar essence, ml
table vinegar, ml
snails, g
grape snails, g
dried apricots, g
oysters, g
duck breast, g
duck liver, g
duck fillet, g
duck thighs, g
duck legs, g
duck, g
roast duck, g
whole duck, g
Utsho-suneli, g
Pheasant, g
Minced meat (lamb and beef), g
Minced meat (pork and chicken), g
Beans, g
White beans, g
Canned white beans, g
White lima beans, g
Green beans, g
Kenyan beans, g
red kidney beans, g
canned beans, g
red beans, g
cooked red beans, g
canned red beans, g
young frozen beans, g
pinto beans, g
cooked asparagus beans, g
green beans, g
frozen green beans, g
canned green beans, g
black-eyed peas, g
feijoa, g
fennel, g
fennel seeds, g
ground fennel seeds, g
festonate, g
feta cheese, g
fetaki, g
fetacsa, g
fettuccine, g
candied violets, g
violet syrup, ml
physalis, g
red perch fillet, g
salmon fillet, g
halibut fillet, g
dates, g
pitted dates, g
Iranian dates, g
Iranian pitted dates, g
Pistachios, g
Shelled pistachios, g
Shelled unsalted pistachios, g
Chopped pistachios, g
Pistachio flour, g
Pistachio paste, g
Pistachio oil, g
Focaccia, g
Trout, g
Boiled trout, g
hot-smoked trout, g
fresh lake trout, g
lightly salted trout, g
trout steaks, g
trout fillets, g
cold-smoked trout, g
meatballs, g
dragon fruit, g
fruit syrup, ml
fruit juice, ml
unsweetened fruit juice, ml
fructose, g
fruit, g
canned fruit, g
hazelnuts, g
hazelnut flour, g
funchoza, g
halva, g
vanilla halva, g
sunflower halva, g
haloumi, g
jamon, g
Hake, g
Hake fillet, g
Sherry, ml
Sherry vinegar, ml
Bread, g
7-grain bread, loaf
White bread, g
Dry white bread, g
Borodinsky bread, g
Danish rye bread, g
sandwich bread, g
breadcrumbs, g
rye bread, g
brown bread, g
bread with sesame seeds, g
wholemeal bread, g
wholemeal wheat and rye bread, g
4-grain cereal flakes, g
5 cereal flakes, g
7 cereal flakes, tbsp
quick-cooking flakes, g
calcium chloride, g
suneli hops, g
hops, g
horseradish, g
grated horseradish, g
horseradish with cream, g
persimmon, g
ripe persimmon, g
guinea fowl carcass, g
chicory, g
lemon candied fruit, g
citrus candied fruit, g
freshly squeezed citrus juice, ml
candied fruit, g
zucchini, g
zucchini flowers, g
chickens, g
cornichon chickens, g
savory, g
thyme, g
dried savory, g
Darjeeling tea, g
jasmine tea, g
green tea, g
smoked Lapsang Souchong tea, g
red tea, g
rooibos tea, g
black tea, g
large-leaf black tea, g
black tea with spices, g
Earl Grey tea, g
mango chutney, g
cheddar cheese, g
bird cherry, g
bird cherry flour, g
wild garlic, g
cherry jam, g
cherries, g
pitted canned cherries, g
black currants, g
blueberries, g
frozen blueberries, g
cuttlefish ink, g
blueberry jam, g
prunes, g
pitted prunes, g
dried prunes, g
smoked pitted prunes, g
blackcurrant jam, g
blackcurrant jam, g
garlic, g
young garlic, g
dried garlic, g
garlic salt, g
garlic oil, ml
garlic powder, g
lentils, g
cooked lentils, g
green lentils, g
red lentils, g
spaghetti chickpeas, g
ciabatta, g
chia seeds, g
ground chipotle, g
chips, g
chorizo, g
sage, g
fresh sage, g
dried sage, g
champagne, g
Soviet champagne, ml
dry champagne, ml
champignons, g
frozen champignons, g
canned champignons, g
pickled mushrooms, g
fresh mushrooms, g
saffron, g
Imeretian saffron, g
ground saffron, tsp
saffron threads, pcs
mulberries, g
dried mulberries, g
rose hips, g
rose hip syrup, ml
schnapps, ml
chives, g
chocolate, g
white chocolate, g
dark chocolate with orange zest, g
milk chocolate, g
mint chocolate, g
chocolate spread, g
chocolate shavings, g
chocolate butter, g
chocolate-nut spread, g
chocolate chips, g
chocolate drops, g
white chocolate drops, g
chocolate candies, g
chocolate flakes, g
chocolate breakfast cereal balls, g
chocolate liqueur, ml
chocolate syrup, ml
chocolate sauce, g
semi-sweet chocolate, g
chocolate with nuts, g
dark chocolate, g
dark chocolate 70%, g
dark chocolate 75%, tsp
dark chocolate 85%, g
shortening, g
bacon, g
smoked bacon, g
spinach, g
frozen spinach, g
young spinach, g
fresh spinach, g
sprats, g
sprats in oil, g
meal, g
frozen sorrel, g
fresh sorrel, g
pike, g
pike fillet, g
egg nog, g
edam, g
ale, ml
emmental, g
escalope, g
tarragon, g
dried tarragon, g
apples, g
antonovka apples, g
gala apples, g
Golden apples, g
Granny Smith apples, g
Green apples, g
Red apples, g
Soaked apples, g
Soft apples, g
Sweet apples, g
Dried apples, g
Apple essence, g
Apple jam, g
apple jam, g
apple puree, g
apple chips, g
apple jam, g
apple syrup, ml
apple juice, ml
apple sauce, g
apple vinegar, ml
lamb, g
lamb shank, g
lamb mince, g
lamb chops on the bone, g
chopped lamb shank, g
lamb loin, g
berry jam, g
berry jelly, g
berry syrup, ml
berry juice, ml
sour berry sauce, g
berries, g
dried berries, g
frozen berries, g
wild berries, g
frozen wild berries, g
egg whites, g
egg yolks, g
boiled egg yolks, g
large egg yolks, g
egg melange, g
egg powder, g
chicken eggs, g
large chicken eggs, g
quail eggs, g
Japanese panko breadcrumbs, g
barley flakes, g
barley, g
barley groats, g